[
  {
    "id": "3921c3a2-78e1-45a2-a261-fd90302447de",
    "data": [
      {
        "text": "corona deaths in ",
        "userDefined": false
      },
      {
        "text": "Australia",
        "meta": "@sys.geo-country",
        "alias": "geo-country",
        "userDefined": false
      }
    ],
    "isTemplate": false,
    "count": 0,
    "lang": "en",
    "updated": 0
  },
  {
    "id": "fe89ca8f-4ba8-468b-8acc-2151d7ad2bc6",
    "data": [
      {
        "text": "active cases in ",
        "userDefined": false
      },
      {
        "text": "uk",
        "meta": "@sys.geo-country",
        "alias": "geo-country",
        "userDefined": false
      }
    ],
    "isTemplate": false,
    "count": 0,
    "lang": "en",
    "updated": 0
  },
  {
    "id": "5145c4a3-7479-40a6-99be-1c89798e52d6",
    "data": [
      {
        "text": "cases in ",
        "userDefined": false
      },
      {
        "text": "usa",
        "meta": "@sys.geo-country",
        "alias": "geo-country",
        "userDefined": false
      }
    ],
    "isTemplate": false,
    "count": 0,
    "lang": "en",
    "updated": 0
  },
  {
    "id": "b236a3a7-01ec-479c-a2da-ad043f9e043f",
    "data": [
      {
        "text": "corona cases in ",
        "userDefined": false
      },
      {
        "text": "india",
        "meta": "@sys.geo-country",
        "alias": "geo-country",
        "userDefined": false
      }
    ],
    "isTemplate": false,
    "count": 0,
    "lang": "en",
    "updated": 0
  }
]