[
  {
    "id": "220db4d9-fa0c-462f-be30-0fb857f4432f",
    "data": [
      {
        "text": "test",
        "userDefined": false
      }
    ],
    "isTemplate": false,
    "count": 0,
    "lang": "en",
    "updated": 0
  },
  {
    "id": "de4a5eb3-4da9-4392-9ca5-3a8d82d510e6",
    "data": [
      {
        "text": "Weather in ",
        "userDefined": false
      },
      {
        "text": "delhi",
        "meta": "@sys.geo-city",
        "alias": "geo-city",
        "userDefined": false
      }
    ],
    "isTemplate": false,
    "count": 0,
    "lang": "en",
    "updated": 0
  },
  {
    "id": "ec248222-f1cb-4542-bb3f-1af967b3a6e8",
    "data": [
      {
        "text": "weather in ",
        "userDefined": false
      },
      {
        "text": "hyderabad",
        "meta": "@sys.geo-city",
        "alias": "geo-city",
        "userDefined": false
      }
    ],
    "isTemplate": false,
    "count": 0,
    "lang": "en",
    "updated": 0
  },
  {
    "id": "8b3eca08-d1c6-4dd3-9696-be810cbc5dc6",
    "data": [
      {
        "text": "Can you help me with weather in my city",
        "userDefined": false
      }
    ],
    "isTemplate": false,
    "count": 0,
    "lang": "en",
    "updated": 0
  }
]